,subreddit_description,subreddit_id,subreddit_name,subreddit_nsfw,subreddit_subscribers
0,"###### [ [ SERIOUS ] ](http://www.reddit.com/r/askreddit/submit?selftext=true&title=%5BSerious%5D)





##### [Rules](https://www.reddit.com/r/AskReddit/wiki/index#wiki_rules):

1. You must post a clear and direct question in the title. The title may contain two, short, necessary context sentences.

No text is allowed in the textbox. Your thoughts/responses to the question can go in the comments section. [more >>](https://www.reddit.com/r/AskReddit/wiki/index#wiki_-rule_1-)



2. Any post asking for advice should be generic and not specific to your situation alone. [more >>](https://www.reddit.com/r/AskReddit/wiki/index#wiki_-rule_2-)



3. Askreddit is for open-ended discussion questions. [more >>](https://www.reddit.com/r/AskReddit/wiki/index#wiki_-rule_3-)



4. Posting, or seeking, any identifying personal information, real or fake, will result in a ban without a prior warning. [more >>](https://www.reddit.com/r/AskReddit/wiki/index#wiki_-rule_4-)



5. Askreddit is not your soapbox, personal army, or advertising platform. [more >>](https://www.reddit.com/r/AskReddit/wiki/index#wiki_-rule_5-)



6. Questions seeking professional advice are inappropriate for this subreddit and will be removed. [more >>](https://www.reddit.com/r/AskReddit/wiki/index#wiki_-rule_6-)



7. Soliciting money, goods, services, or favours is not allowed. [more >>](https://www.reddit.com/r/AskReddit/wiki/index#wiki_-rule_7-)



8. Mods reserve the right to remove content or restrict users' posting privileges as necessary if it is deemed detrimental to the subreddit or to the experience of others. [more >>](https://www.reddit.com/r/AskReddit/wiki/index#wiki_-rule_8-)



9. Comment replies consisting solely of images will be removed. [more >>](https://www.reddit.com/r/AskReddit/wiki/index#wiki_-rule_9-)



##### If you think your post has disappeared, see spam or an inappropriate post, please do not hesitate to [contact the mods](https://www.reddit.com/message/compose?to=%2Fr%2FAskReddit), we're happy to help.



---



#### Tags to use:



> ## [[Serious]](https://www.reddit.com/r/AskReddit/wiki/mod_announcements#wiki_.5Bserious.5D_post_tags)



### Use a **[Serious]** post tag to designate your post as a serious, on-topic-only thread.



-



#### Filter posts by subject:



[Mod posts](http://ud.reddit.com/r/AskReddit/#ud)

[Serious posts](http://dg.reddit.com/r/AskReddit/#dg)

[Megathread](http://bu.reddit.com/r/AskReddit/#bu)

[Breaking news](http://nr.reddit.com/r/AskReddit/#nr)

[Unfilter](/r/AskReddit)



-



### Do you have ideas or feedback for Askreddit? Submit to /r/IdeasForAskReddit.



-



### Please use spoiler tags to hide spoilers. `>!insert spoiler here!<`



-



#### Other subreddits you might like:

some|header

:---|:---

[Ask Others](https://www.reddit.com/r/AskReddit/wiki/sidebarsubs#wiki_ask_others)|[Self & Others](https://www.reddit.com/r/AskReddit/wiki/sidebarsubs#wiki_self_.26amp.3B_others)

[Find a subreddit](https://www.reddit.com/r/AskReddit/wiki/sidebarsubs#wiki_find_a_subreddit)|[Learn something](https://www.reddit.com/r/AskReddit/wiki/sidebarsubs#wiki_learn_something)

[Meta Subs](https://www.reddit.com/r/AskReddit/wiki/sidebarsubs#wiki_meta)|[What is this ___](https://www.reddit.com/r/AskReddit/wiki/sidebarsubs#wiki_what_is_this______)

[AskReddit Offshoots](https://www.reddit.com/r/AskReddit/wiki/sidebarsubs#wiki_askreddit_offshoots)|[Offers & Assistance](https://www.reddit.com/r/AskReddit/wiki/sidebarsubs#wiki_offers_.26amp.3B_assistance)





-



### Ever read the reddiquette? [Take a peek!](/wiki/reddiquette)



[](#/RES_SR_Config/NightModeCompatible)",2qh1i,AskReddit,False,24876575
1,">* **[/r/inthenews](/r/inthenews?hl)**

>#

>* **[/r/worldnews](/r/worldnews?hl)**

>#

>* **[/r/politics](/r/politics?hl)**

>#

>* **[new comments](/r/news/comments?hl)**

1. **[Post all analysis/opinion/politics articles to /r/InTheNews](/r/InTheNews)**

> [](http://goo.gl/R6as4?ri)

> [](http://goo.gl/gBldE?ri)

> [](http://goo.gl/u5EZN?ri)

> [](http://goo.gl/exK8j?ri)

> [](http://www.reddit.com/r/news?ri)

> [](http://www.reddit.com/r/restorethefourth?ri)

Want to talk?
                
Follow [@rslashnews on Twitter](https://twitter.com/rslashnews)                    

See a post that violates the rules below? Had your post stuck in the spam filter? Have a question about policy? Just want to give feedback? [Send the mod team a message](http://www.reddit.com/message/compose?to=%2Fr%2Fnews).

---

Submit all self- & meta-posts to /r/inthenews and [read the rules](https://www.reddit.com/r/news/wiki/rules)

Your post will be removed if it: 

- is not news.
- is not in English.
- is an opinion/analysis or advocacy piece.
- primarily concerns politics.
- The title must be the actual title or the lead.
- has a pay wall or steals content.
- covers an already-submitted story.
- violates [reddit's site-wide rules](http://www.reddit.com/rules/), especially regarding personal info.

Your comment will likely be removed if it:

- advocates or celebrates the death of another person.
- is racist, sexist, vitriolic, or overly crude.
- is unnecessarily rude or provocative.
- is a cheap and distracting joke or meme.
- is responding to spam.
- violates [reddit's site-wide rules](http://www.reddit.com/rules/).

Extreme or repeat offenders will be banned.

**\>\>\>[Expanded Rules](https://www.reddit.com/r/news/wiki/rules/)<<<**

---

If your post doesn't fit, consider [finding an appropriate news article on that story](http://www.reddit.com/r/news/wiki/recommendedsources) to submit instead, or submitting yours to lower moderation subreddits:

[/r/inthenews](/r/inthenews) - all news-related content  
[/r/AnythingGoesNews](/r/AnythingGoesNews) - unrestricted news   
[/r/truereddit](/r/truereddit) - insightful articles   
/r/self - any self-post   
/r/misc, /r/redditdotcom - anything

or other news subreddits:

[/r/worldnews](/r/worldnews)  - from outside the USA only   
[/r/SyrianCivilWar](/r/syriancivilwar) - about the conflict in Syria      
[/r/MidEastRegionalWar](/r/mideastregionalwar) - on MidEast conflict
[/r/UpliftingNews](/r/upliftingnews) - uplifting     
[/r/SavedYouAClick](/r/savedyouaclick) - making media more straightforward

or subreddits for other topics:

[/r/FoodForThought](/r/FoodForThought) - discussion-worthy long form articles about interesting subjects                               
[/r/politics](/r/politics) - for shouting about politics  
[/r/moderatepolitics](/r/ModeratePolitics) - less shouting                 
[/r/politicaldiscussion](/r/PoliticalDiscussion) - even less shouting        
[/r/geopolitics](/r/geopolitics) - intl. politics and geography  
[/r/entertainment](/r/entertainment) - Justin Bieber updates, etc.   

or check out the [200 most active subreddits, categorized by content](http://redd.it/1f7hqc) and the [full list of subreddits by subscribers](http://redditmetrics.com/top).

---

Recommendations:
                                                                  
/r/full_news

/r/qualitynews

/r/neutralnews

/r/worldevents

---

[submit analysis/opinion article](http://www.reddit.com/r/inthenews/submit)

[submit news article](http://www.reddit.com/r/news/submit)

[submit something else](http://www.reddit.com/r/misc/submit)

[submit analysis/opinion article](http://www.reddit.com/r/inthenews/submit)",2qh3l,news,False,19153182
2,">>> - **Other Subs:**

>>> - [Related](http://goo.gl/ztbbza)
>>>     - /r/News
>>>     - /r/PoliticalDiscussion
>>>     - /r/WorldEvents
>>>     - /r/GeoPolitics
>>>     - /r/GlobalTalk 
>>>     - /r/Business
>>>     - /r/Economics
>>>     - /r/Environment
>>>     - /r/History
>>>     - /r/HumanRights
>>>     - /r/Features
>>>     - /r/UpliftingNews
>>>     - /r/NewsOfTheWeird
>>>     - /r/FakeNews
>>>     - /r/ID_News 

>>> - [N. America](https://goo.gl/dkfVnB)
>>>     - /r/Politics
>>>     - /r/USA
>>>     - /r/USANews
>>>     - /r/Canada
>>>     - /r/CanadaPolitics
>>>     - /r/OnGuardForThee
>>>     - /r/Cuba
>>>     - /r/Mexico
>>>     - /r/PuertoRico

>>> - [S. America](https://goo.gl/DDaqmY)
>>>     - /r/Argentina
>>>     - /r/Brasil
>>>     - /r/Chile
>>>     - /r/Colombia
>>>     - /r/Ecuador
>>>     - /r/Guyana
>>>     - /r/Nicaragua
>>>     - /r/Uruguay
>>>     - [/r/Venezuela](/r/vzla)

>>> - [Europe](https://goo.gl/ZF5rou)
>>>     - /r/Armenia
>>>     - /r/Azerbaijan
>>>     - /r/Belgium
>>>     - [/r/Bosnia](/r/BiH)
>>>     - /r/Bulgaria
>>>     - /r/Croatia
>>>     - /r/Denmark
>>>     - /r/Europe
>>>     - /r/France
>>>     - [/r/Georgia](/r/sakartvelo)
>>>     - /r/Germany
>>>     - /r/Greece
>>>     - /r/Hungary
>>>     - /r/Ireland
>>>     - /r/Italy
>>>     - /r/Moldova
>>>     - /r/TheNetherlands
>>>     - /r/Poland
>>>     - /r/Polska
>>>     - /r/Portugal
>>>     - /r/Romania
>>>     - /r/Russia
>>>     - /r/Scotland
>>>     - /r/Serbia
>>>     - /r/Spain
>>>     - /r/Sweden
>>>     - /r/Switzerland
>>>     - /r/Turkey
>>>     - /r/UnitedKingdom
>>>     - /r/UKPolitics
>>>     - /r/Ukraina
>>>     - /r/Ukraine
>>>     - /r/UkrainianConflict

>>> - [Asia](https://goo.gl/az3Ygk)
>>>     - /r/Afghanistan
>>>     - /r/Bangladesh
>>>     - /r/China
>>>     - /r/India
>>>     - /r/Kazakhstan 
>>>     - /r/Malaysia
>>>     - /r/NorthKoreaNews
>>>     - /r/Pakistan
>>>     - /r/Philippines
>>>     - /r/Singapore

>>>     - /r/Thailand
>>>     - /r/Turkey

>>> - [Middle East](https://goo.gl/Ut3syV)
>>>     - /r/Assyria
>>>     - /r/Iran
>>>     - /r/Iranian
>>>     - /r/Iraq
>>>     - /r/Israel
>>>     - /r/Kurdistan
>>>     - /r/LevantineWar
>>>     - /r/MiddleEastNews
>>>     - /r/MideastPeace
>>>     - /r/Palestine
>>>     - /r/Syria
>>>     - /r/Yemen
>>>     - /r/YemeniCrisis

>>> - [Africa](https://goo.gl/FgJ4Na)
>>>     - /r/Africa
>>>     - /r/SouthAfrica

>>> - [Oceania](https://goo.gl/5pz9uS)
>>>     - /r/Australia
>>>     - /r/Fijian
>>>     - /r/NewZealand
>>>     - /r/Oceania
>>>     - /r/Westpapua

## **Filter out dominant topics:**

[Display Trump submissions](http://www.reddit.com/r/worldnews#nt)

[Filter Trump](http://nt.reddit.com/r/worldnews#www)

[Display Russia submissions](http://www.reddit.com/r/worldnews#nr)

[Filter Russia](http://nr.reddit.com/r/worldnews#www)

[Display Facebook submissions](http://www.reddit.com/r/worldnews#nf)

[Filter Facebook](http://nf.reddit.com/r/worldnews#www)

[Display North Korea submissions](http://www.reddit.com/r/worldnews#nk)

[Filter North Korea](http://nk.reddit.com/r/worldnews#www)

[Display Hong Kong submissions](http://www.reddit.com/r/worldnews#nh)

[Filter Hong Kong](http://nh.reddit.com/r/worldnews#www)

[Display Israel/Palestine submissions](http://www.reddit.com/r/worldnews#ni)

[Filter Israel / Palestine](http://ni.reddit.com/r/worldnews#www)

[Display all submissions](http://www.reddit.com/r/worldnews#iu)

[Filter all dominant topics](http://iu.reddit.com/r/worldnews#www)

#### [](#h4-green)
># Welcome!
>
> /r/worldnews is for major news from around the world except US-internal news / US politics

> [Follow us on Twitter](https://twitter.com/redditworldnews)

> [See all of our AMA events here] (http://www.reddit.com/r/worldnews/wiki/ama)

###### [](#h6-red)
>#Worldnews Rules
>
>
>### **Disallowed submissions**
>
> * US internal news/US politics
> * Editorialized titles
> * Misleading titles
> * Editorials, opinion, analysis
> * Feature stories
> * Non-English articles
> * Images, videos or audio clips
> * Petitions, advocacy, surveys
> * All caps words in titles
> * Blogspam (if stolen content/direct copy)
> * Twitter, Facebook, Tumblr
> * Old news (â‰¥1 week old) articles

>[See the wiki](/r/worldnews/wiki/rules#wiki_disallowed_submissions) for details on each rule

>### **Disallowed comments**
>
> * Bigotry / Other offensive content
> * Personal attacks on other users
> * Memes/GIFs
> * Unlabeled NSFW images/videos
> * URL shorteners

>[See the wiki](/r/worldnews/wiki/rules#wiki_disallowed_comments) for details on each rule

> **Continued or outstandingly blatant violation** of the submission or commenting rules will result in you being temporarily **banned** from the subreddit without a warning.

>
>----
>
>**Please don't ever feed the trolls.**    
>Downvote, report and move on.
>
>----
>
>* [**What moderators do and can't do**](/r/worldnews/wiki/whatmodsdo)
>* [**Message the moderators**](http://www.reddit.com/message/compose?to=%2Fr%2Fworldnews)

#### [](#h4-green)
># Sticky Posts

> â€¢ [A list of all recent stickied posts.](/r/worldnews/search?q=author%3AWorldNewsMods&sort=new&restrict_sr=on&t=all)",2qh13,worldnews,False,22340807
3,"## **Welcome to /r/Politics! Please read [the wiki](/r/politics/w/index) before participating.** ||  [Voter Registration Resources](https://www.reddit.com/r/politics/comments/9irkg3/rpolitics_wants_you_to_register_to_vote_for/)

/r/politics is the subreddit for current and explicitly political U.S. news.



### [Our full rules](https://www.reddit.com/r/politics/wiki/index) [Reddiquette](https://www.reddit.com/wiki/reddiquette)



# [Comment Guidelines](/r/politics/w/index#wiki_be_civil):



 ||

:-:|:-:

Be civil|Treat others with basic decency. No personal attacks, shill accusations, hate-speech, flaming, baiting, trolling, witch-hunting, or unsubstantiated accusations. Threats of violence will result in a ban. [More Info.](/r/politics/wiki/index#wiki_be_civil)

Do not post users' personal information.|Users who violate this rule will be banned on sight. Witch-hunting and giving out private personal details of other people can result in unexpected and potentially serious consequences for the individual targeted. [More Info.](/r/politics/wiki/index#wiki_no_witch_hunting)

Vote based on quality, not opinion.|Political discussion requires varied opinions. Well written and interesting content can be worthwhile, even if you disagree with it. Downvote only if you think a comment/post does not contribute to the thread it is posted in or if it is off-topic in /r/politics. [More Info.](/r/politics/wiki/index#wiki_vote_on_quality.2C_not_opinion)

Do not manipulate comments and posts via group voting.|Manipulating comments and posts via group voting is against reddit TOS. [More Info.](https://www.reddithelp.com/en/categories/reddit-101/rules-reporting/account-and-community-restrictions/what-constitutes-vote)





# [Submission Guidelines:](/r/politics/w/index#wiki_submission_rules)



 ||

:-:|:-:

Articles must deal explicitly with US politics.|[See our on-topic statement here.](/r/politics/wiki/index#wiki_the_.2Fr.2Fpolitics_on_topic_statement)

Articles must be published within the last calendar month.|[More Info.](https://www.reddit.com/r/politics/wiki/index#wiki_articles_must_be_published_within_the_last_calendar_month.)

Submissions must be from domains on the whitelist.|[The whitelist and its criteria can be found here.](https://www.reddit.com/r/politics/wiki/whitelist)

Post titles must be the exact headline from the article.|Your headline must be comprised only of the **exact** copied and pasted headline of the article. [More Info.](/r/politics/wiki/index#wiki_do_not_create_your_own_title)

No Copy-Pasted Submissions|Please do not submit articles or videos that are a direct, complete copy-paste of original reporting.[More Info.](/r/politics/wiki/index#wiki_disallowed_submission_types.3A)

Articles must be written in English|An article must be **primarily** written in English for us to be able to moderate it and enforce our rules in a fair and unbiased manner. [More Info.](/r/politics/wiki/index#wiki_all_submissions_must_be_in_english.)

Spam is bad!|/r/Politics bans for submission and comment spam [More Info.](/r/politics/wiki/index#wiki_spam_is_bad.21)

Submissions must be articles, videos or sound clips.|We disallow solicitation of users (petitions, polls, requests for money, etc.), personal blogs, satire, images, social media content (Facebook, twitter, tumblr, LinkedIn, etc.), wikis, memes, and political advertisements. More info: [Content type rules.](/r/politics/wiki/index#wiki_disallowed_submission_types.3A)

Do not use ""BREAKING"" or ALL CAPS in titles.|The ALL CAPS and 'Breaking' rule is applied even when the actual title of the article is in all caps or contains the word 'Breaking'. This rule may be applied to other single word declarative and/or sensational expressions, such as 'EXCLUSIVE:' or 'HOT:'. [More Info.](/r/politics/wiki/index#wiki_do_not_create_your_own_title)



#Events Calendar



> 21 Oct - 12pm EST

 * Local News Thread

> 22 Oct - 2pm EST

 * AMA with Dane Wilcox

> 24 Oct - 1pm EST

 * AMA with Shannon Dooling

> 25 Oct - 12pm EST

 * AMA with Aaron Glantz

> 26 Oct - 11am EST

 * Cartoon Thread

> 28 Oct - 1pm EST

 * Local News Thread

> 29 Oct - 2pm EST

 * AMA with Chris Armitage

> 30 Oct - 3pm EST

 * AMA with Allison Stanger

















# Other Resources:



#### [Follow us on Twitter](http://twitter.com/rSlashPolitics)



#### [Request an AMA](https://docs.google.com/forms/d/e/1FAIpQLSdPb-2CtL2lIsMo9xOvs6sdQGDymyZ29seWyQsNTJy1oxPthw/viewform?usp=sf_link)



#### [Events Calendar](https://calendar.google.com/calendar/embed?src=rpoliticsmods@gmail.com)



#### [Apply to be a mod](https://politicsmodapp.herokuapp.com/)



#### [Register To Vote](https://www.rockthevote.org)



[](#/RES_SR_Config/NightModeCompatible)",2cneq,politics,False,5488640
4,"**Welcome to r/Funny:**

You may only post if you are funny. 

-----

[New to reddit? Click here!](/wiki/reddit_101)

---
##### New ""Subreddit Of The Month"": [/r/PinkFloydCircleJerk/] (https://www.reddit.com//r/PinkFloydCircleJerk/)


|||
|-|-|
| **Featured Subreddit of the Month: /r/PinkFloydCircleJerk/** | [Link to sticky post](https://www.reddit.com/r/funny/comments/dc9ozd/subreddit_of_the_month_october_2019/)

[Previous subs of the month] (https://www.reddit.com/r/funny/wiki/subofthemonthlist)

# Rules
*hover for details*

|||
|:------|:---|
|1. All posts must make an attempt at humor.|Humor is subjective, but all posts must at least make an attempt at humor. As the minimum age for Reddit access is [13 years old](https://www.reddit.com/r/help/comments/7h5xr7/is_there_a_age_limit_for_reddit/dqodxmb), posts which are intentionally disruptive, inane, or nonsensical will be removed.|
|2. No memes, and no HIFW, MRW, MeIRL, or DAE posts.|If your submission begins with ""When youâ€¦"" or ""When theyâ€¦"" or anything of a similar nature, it is not allowed here. Submissions depicting or containing intentionally emulated behaviors (memes) are also not allowed, including memetic image macros, ""challenges,"" or elements thereof. Non-memetic image macros are allowed.
|3. No reposts.|Reposts will be removed at the moderatorsâ€™ discretion. Serial reposters will be banned. Please use [KarmaDecay](http://www.karmadecay.com/) to determine if something has been submitted before.|
|4. No personal info, no hate speech, no harassment.|No identifying information, including anything hosted on platforms making that information public. Posts encouraging the harassment of any individual, group, community, or subreddit will be removed, and the submitting user may be banned. If necessary, a report will be made to the site administration. In accordance with [Reddit's policies](https://www.reddithelp.com/en/categories/rules-reporting/account-and-community-restrictions/do-not-threaten-harass-or-bully), there is zero tolerance for this.|
|5. No politics.|Anything involving politics or a political figure (regardless of context) will be removed. Try /r/politicalhumor instead.|
|6. No forbidden titles. (See below.)|No asking for upvotes (in any form), no â€œCake Dayâ€ posts, and no posts to communicate with another Redditor. Posts with titles such as ""I got banned from \/r/\_\_\_"" or ""This got removed from \/r/\_\_\_"" are not allowed. Emoji-based titles, memetic titles, and titles meant to circumvent any other rules are also forbidden.|
|7. No gore, pornography, or sexually graphic images.|Try /r/NSFWfunny. All other NSFW content must be tagged as such.|
|8. Do not rehost or hotlink webcomics.|If you are not the author of the comic in question, you may only submit links to the page where it is hosted. Webcomic authors may [request verification](https://www.reddit.com/r/funny/wiki/comicauthor) from the moderators, after which they may rehost their own work.|
|9. No pictures of just text.|Submissions in which the humor can be conveyed via text alone are not allowed. This includes pictures of text with irrelevant images that don't add context, and transcriptions of standup comedy (as with /r/standupshots). Make a self post instead. [Example](http://i.imgur.com/2cPuY8C.jpg)|
|10. No SMS or social media content (including Reddit).|Social media content of any kind is not allowed. This includes anything from Reddit, Twitter, Tumblr, Facebook, YouTube, or any other form of ""comments section"" on the Internet, as well as [images accompanied by text from those platforms](https://i.imgur.com/LJ5ZeU6.png). Images with SnapChat text added are allowed, as long as all UI elements have been removed. Please view [our wiki](https://www.reddit.com/r/funny/wiki/rules) for suggestions of where these submissions can be offered.|


Want to see /r/funny with these posts? [Click here!](https://www.reddit.com/user/funny_mod/m/funnyplus)

---
Please note:

* Hate speech and bigotry will be removed at the moderators' discretion.

* Bots and bot-like accounts are not allowed.

* No link shorteners (or HugeURL) in either post links or comments. They will be deleted regardless of intent. This is an anti-spam measure.

* All submissions to /r/Funny are governed by [Reddit's policies on self-promotion and spam](https://www.reddit.com/wiki/selfpromotion).

------

|||
|-|-|
|What do I do if I see a post that breaks the rules?|Click on the report button, and [send us a message](/message/compose?to=%23funny) with a link to the comments of the post.|
|What should I do if I don't see my post in the new queue?|If your submission isn't showing up, please don't just delete it as that makes the filter hate you! Instead [send us a message](/message/compose?to=%23funny) with a link to the post. We'll unban it and it should get better. Please allow 10 minutes for the post to appear before messaging moderators|

-----

Looking for something else? Visit our friends!

+ /r/DogsWearingHats 
+ /r/CardsAgainstHumanity
+ /r/humor for more in-depth stuff
+ /r/comics
+ /r/punny
+ /r/lolcats
+ /r/wheredidthesodago
+ /r/lol
+ /r/shittyaskscience
+ /r/screenshots
+ /r/nononono
+ [""How I think I am vs. How I actually am""](/r/ExpectationVsReality/)
+ /r/UnnecessaryCensorship
+ /r/meanjokes
+ /r/startledcats
+ /r/HomestarRunner
+ /r/Unexpected
+ /r/bertstrips
+ /r/instant_regret
+ /r/WellThatSucks
+ /r/misc for anything else",2qh33,funny,False,26820404
5,"> # NSFW/Sex/Bodily Discharge Filter
>
> [Yes](https://goo.gl/tHkuYE/#nsfw)
[No](http://re.reddit.com/r/tifu/#nsfw)

> # Night mode
>
> [Yes](https://nm.reddit.com/r/tifu/#nightmode)
[No](https://www.reddit.com/r/tifu/#nightmode)

> ## Flair Filter
>
>> # [S](https://goo.gl/tSIBOE 'Small')
# [M](https://goo.gl/EEM8fz 'Medium')
# [L](https://goo.gl/q2Q9sb 'Large')
# [XL](https://goo.gl/sfwFhU 'Extra large')
# [None](https://www.reddit.com/r/tifu/#none)

A community for the dumbass in all of us. We all have those moments where we do something ridiculously stupid. Share your stories and laugh along with the internet.

##Rules
##### *hover for details*

######[](#space)

> ### All titles must start with TIFU
> - **TIFU** stands for today I fucked up, which means something you did that is your fault. Just because something bad happened to you doesn't mean it's a fuck up.
> -  **TIFU** must be at the beginning of the post title or it will automatically be removed. 
> - **TIFUpdate** if you are posting a follow-up post to update us on your story. 

######[](#space)

> ### Uninspired, lacking in context, literal shitpost, overly vulgar and glorifying illegal activities posts may be removed at mods discretion
> - **Uninspired** as in something that is super common, lacking in imagination or originality.
> - **Context** as in the story doesn't have any more info beyond the title. *note*: All posts must contain at least 750 characters of meaningful content.
> - **Shitpost** as in literally involving defecation or other bodily fluids.
> - **Overly vulgar** includes obscene situations, such as, but not limited to, incest, minors, death and assault to humans and animals. Consensual situations between two, unrelated adults should be fine. Vulgar does not mean using bad words. 
> - **Illegal activities** that you glorify or giving advice on how to do something illegal.
> - **Not Your Fault** as in it was just something bad that happened to you; if it wasn't directly your fault, it wasn't your fuckup.

######[](#space)

> ### All posts must end with a TL;DR and tag NSFW when necessary 
> - **TL;DR** or too long didn't read which is a summarization of your post in a few bitesize sentence. At minimum, your TL;DR summary must contain your fuckup and its consequences. You may include additional information if you'd like. The TL;DR must be at the very end of your post.
> - **NSFW** or not safe for work. If you're not sure if it's NSFW or not, better to be safe than sorry. 

######[](#space)

> ### Be civil and don't be disruptive
> - **Be civil** means don't do these things; personal attacks, harassment,  trolling, and bigotry. Use your better judgement. 
> - **Disruptive** such as posting, or seeking, any identifying personal information (real/fake). This includes yourself or others, and refers, but is not limited to, names, phone numbers, email addresses, or any social media accounts. As well as brigading with either votes or comments.

######[](#space)

> ### No spam, bots or advertising
> - **Spam**, don't link to things that you may or may not be rewarded for. Posting links of you narrating a story is considered spam.
> - **Bots** are annoying and will be banned.
> - **Advertising**, we are not a platform for you (patreon or charities) or your products, seek https://www.redditinc.com/advertising instead.

## Notes
#### Moderators reserve the right to remove threads or ban users for any of the above rule violations. 
#### If your post has been removed please [message us](http://www.reddit.com/message/compose?to=%2Fr%2Ftifu) directly for an appeal, do not repost your thread. 

## [FUOTM Winners](https://www.reddit.com/r/tifu/w/)
#####[](#achievement-listing)

>1. June 2019 /u/Lemiius
* [TIFU by performing the ""Major Tom"" technique and now I think I'm going to be disowned](https://www.reddit.com/r/tifu/comments/c7kqjl/tifu_by_performing_the_major_tom_technique_and/)

> 2. April 2019 /u/Donthitsubmit3
* [TIFU by submitting hardcore furry erotica instead of my final paper.](https://www.reddit.com/r/tifu/comments/bgvmdp/tifu_by_submitting_hardcore_furry_erotica_instead/)

> 3. May 2019 /u/Taway1234123491121
* [TIFU: I have officially branded myself as the biggest perv... and I 100% deserve it...](https://www.reddit.com/r/tifu/comments/bpr2iy/tifu_i_have_officially_branded_myself_as_the/)

##Related Subreddits
####/r/TIDTRT (Today I Did The Right Thing)
####/r/IdeasforTIFU (Feedback)
####/r/AnimalTIFUs (Animals Fucking Up)
#### /r/pranks (Today I Pranked)
#### /r/TIGFO (Today I Got Fucked Over)
####[Friends](https://www.reddit.com/r/tifu/w/subs) & [TINetwork](http://www.reddit.com/user/IsNotFritzly/m/tifu)",2to41,tifu,False,14892102
6,"**Welcome to r/AmITheAsshole!**

[](http://www.reddit.com/r/amitheasshole)

A catharsis for the frustrated moral philosopher in all of us, and a place to finally find out if you were wrong in an argument that's been bothering you. Tell us about any non-violent conflict you have experienced; give us both sides of the story, and find out if you're right, or you're the asshole.

This is the sub to lay out your  actions and conflicts and get impartial judgment rendered against you.  Were you the asshole in that situation or not? Post should be truthful and reflect real situations. That means no shitposts, parody, or satire. 

After 18 hours, your post will be given a flair representing the final judgment on your matter.  This flair is determined by the subscribers who have both rendered judgment and voted on which judgment is best.  ***The power of the crowd will judge you***.  

#[Frequently Asked Questions](https://www.reddit.com/r/AmItheAsshole/wiki/faq)
___

#**Rules**

##1. Be Civil

The title of this sub is not an invitation for you to be cruel. The purpose of this space is to determine whether or not someone is in the wrong, not to tear them a new one. People post here to learn and to grow from what they learn here. Don't be an asshole when making your judgments. Treat others with respect, no matter how big of an asshole they may be.

This rule applies to everyone, whether involved in the story or not.  Don't get into prolonged internet spats that devolve into insults. Do not backseat mod - use reports.

[Click here for details on how to be civil in a sub about assholes.](https://www.reddit.com/r/AmItheAsshole/wiki/becivil)

##2. Voting Rules

Upvote posts that are appropriate for this sub or that you think make for an interesting discussion. PLEASE DO NOT downvote if you think OP is an asshole, go to the comments section and call him an asshole like a civilized person.

In the comments, upvote any comment that gives the correct judgment of the situation. DO NOT downvote people for disagreeing with you or for merely commenting on their own post unless they are being abusive or argumentative.

##3. Accept Your Judgment

This sub is here for the submitter to discover what everyone else thinks of the ethics or mores of a situation. It is not here to draw people into an argument you want to have, or to defend your position. If people start saying you were the asshole, do not take that as an invitation to debate them on the subject... accept the judgment and move on. If you have valid reason to think a commenter needs more information or misunderstood the facts of the conflict, you may give new information.

##4. Never Delete An Active Discussion

DO NOT delete your submission once a discussion has begun, even if it's not going well for you. People will come back to see what consensus was reached in your thread. If you erase a discussion because you don't like the way it's going, that is extremely frustrating to everyone who has taken an interest in the topic. We encourage submitters to use throwaways to maintain their privacy, but deleting a discussion is unacceptable. Violators will be banned.

##5. No Violence

If your post references violence, don't share it here. Threads which mention violence are difficult to moderate, we have to remove all comments which encourage or incite violence. It's difficult to do this in a thread which discusses violence.

Comments and even jokes about violence are not tolerated. Encouraging self-harm, suicide, ""bad karma,"" or anything that wishes mental or physical pain on anyone is strictly prohibited. **This is a zero tolerance policy.** Don't even mention violence.

##6. How To Post

The TITLE of your submission must begin with the acronym AITA or WIBTA (would I be the asshole?), then a description of the situation.

Posts are limited to 3000 characters. Paragraphs are good; block text walls are bad. Format and punctuate your post reasonably. Be clear and concise.

##7. What Posts Belong Here?

This is the sub to lay out your actions and conflicts and get impartial judgment rendered against you. Were you the asshole in that situation or not? Post should be truthful and reflect real situations. That means no shitposts, parody, or satire. We do not settle Reddit or similar online drama.

Submissions should be TRUTHFUL descriptions of recent interpersonal conflicts you've had or may have that need arbitration. Describe both sides in detail. Being neutral gets you more accurate feedback.

##8. Do Not Ask For Validation

Don't submit humblebrag stories where there is no chance that you are the asshole, or awfulbrag stories where you are obviously being evil.

When making a post, you should be seeking arbitration in an ambiguous situation. Threads with obvious outcomes are not interesting to our subscribers.

##9. Do Not Ask For Advice

This is NOT an advice sub. All submissions that ask for advice (instead of or in addition to judgment) will be removed. This sub is for arbitration.

You may include advice when you make your comments, but remember that your primary objective in commenting is to assign blame and pass judgment.

If a thread's focus becomes about advice instead of arbitration the thread may be removed regardless of the OP's intent.

##10. Meta Posts and Updates Require Permission

If you want to talk about the sub, and you hide your complaint, question, or opinion in a post that starts with AITA, you will be banned. Those are called META posts, and they must have a title that starts with META.

Please request mod approval after you submit your META post or your update post. Make sure the title of your meta post starts with META and the title of your update post starts with UPDATE. See our FAQ and full rulebook for more guidelines.

##11. No breakups/hookups

We do not allow submissions where the central conflict is your relationship and instead recommend a relationship focused sub.

The following posts are forever banned:

AITA for breaking up with _

AITA for NOT breaking up with _

AITA for sleeping with _

AITA for NOT sleeping with _

AITA for dating _

AITA for NOT dating _

AITA for doing sexual act _

AITA for NOT doing sexual act _

AITA for being attracted to _

AITA for NOT being attracted to _

Etc.

##12. Comments and Flairing

After 18 hours, the post will be assigned a flair representing the sub's judgment. The flair will be decided by the top comment of the post. OPs should expect questions and should answer them within the 18 hour period.

If you are commenting, be sure to start your comment with the abbreviation for your judgment, i.e.

**YTA** = You're the Asshole; 

**NTA** = Not the A-hole; 

**ESH** = Everyone Sucks here;
 
**NAH** = No A-holes here; 

**INFO** = Not Enough Info 

##13. User Flairs

We award flairs for community members who distinguish themselves in their mastery of asshole judgment. If your top level comment has the highest number of upvotes in a thread, you will get a flair point. More details are listed in [our full rulebook](https://www.reddit.com/r/AmItheAsshole/wiki/index).

___


#[Click For Full Rulebook](https://www.reddit.com/r/AmItheAsshole/wiki/index)

*Normal Rediquette applies*
___

Filters ||
---|---
[Assholes](https://goo.gl/xfq1zE)| [Not-assholes]( https://goo.gl/eSsHl9)

___",2xhvq,AmItheAsshole,False,1419433
7,"[](http://www.reddit.com/r/aww/#newlink)
[New to reddit? Click here!](/wiki/reddit_101)



* You learn something new every day; what did *you* learn today?
 
* Submit interesting and **specific facts** that you just found out (not broad information you looked up, TodayILearned is not [/r/wikipedia](/r/wikipedia)).
 
#Posting rules#
 
1. **Submissions must be verifiable**. *Please link directly to a reliable source that supports every claim in your post title.* **Images alone do not count as valid references.** Videos are fine so long as they come from reputable sources (e.g. BBC, Discovery, etc).
 
1. **No personal opinions, anecdotes or subjective statements** (e.g ""TIL xyz is a great movie"").

1. **No recent sources.** Any sources (blog, article, press release, video, etc.) with a publication date more recent than two months are not allowed.
 
1. No soapboxing or agenda based submissions. This includes (but is not limited to) submissions related to: 
   1. Recent political issues and politicians
   1. Social and economic issues
   1. Environmental issues
 
1. **No misleading claims**. Posts that omit essential information, or present unrelated facts in a way that suggest a connection will be removed.
 
1. *Rephrase your post title if the following are not met:*
   1. Titles **must** begin with ""TIL ...""
   1. Make them **descriptive, concise and specific** (e.g. not ""TIL something interesting about bacon"").
   1. Titles must be able to **stand on their own** without requiring readers to click on a link. Starting your title with a why/what/who/where/how modifier should be unnecessary.
   1. *""TIL about ..."" and other broad posts don't belong on TIL. Try /r/Wikipedia, etc. instead, or be more specific (and avoid the word ""about"").*
   1. *""TIL how to ..."" posts belong on* **/r/HowTo.**
1. No submissions related to the usage, existence or features of specific software/websites (e.g. ""TIL you can click on widgets in WidgetMaker 1.22"").
1.  **All NSFW links must be tagged** *(including comments).*
####  *Please see the [wiki](http://www.reddit.com/r/todayilearned/wiki/index) for more detailed explanations of the rules.*



([Why we need rules](http://www.reddit.com/wiki/faq#wiki_why_does_reddit_need_moderation.3F_can.27t_you_just_let_the_voters_decide.3F))
 
#Additional info#
 
* If your post does not appear in the [new queue](http://www.reddit.com/r/todayilearned/new/) and you think it meets the above rules, please **[contact the moderators](http://www.reddit.com/message/compose?to=%23todayilearned)** (include a link to your *reddit.com* post, not your story).
 
* Please report spam, inaccurate or otherwise inappropriate posts by [messaging the moderators](http://www.reddit.com/message/compose?to=%23todayilearned), as this helps us remove them more promptly!

* More information available on the [TIL FAQ](http://www.reddit.com/r/todayilearned/wiki/faq) and [wiki.](http://www.reddit.com/r/todayilearned/wiki) 

#Frequent TILs Repost List#
As of May 2019

* This [list](https://www.reddit.com/r/todayilearned/wiki/index#wiki_frequent_tils_repost_list) was compiled from /r/todayilearned community [suggestions](https://www.reddit.com/r/todayilearned/comments/4dnulc/request_for_identification_of_frequent_tils/?sort=top) by its members. If your TIL is found on this list, it will be removed. The titles have been abridged for the sake of brevity, however the context remains the same. This list is subject to change. The purpose is to keep content fresh on /r/todayilearned as requested by its members. If you are interested in reading about the TILs on this list use the [search box](https://www.reddit.com/r/todayilearned/search?q=&restrict_sr=on&sort=relevance&t=all) feature and enter the keywords to pull up past TILs. 


----
 
#Etiquette#
 
We ask that you *please* do the following:

1. *avoid mobile versions of websites (e.g. [m.wikipedia.org](http://m.wikipedia.org))*
 
1. *link to the appropriate heading when referencing an article (particularly on Wikipedia)*
 
1. *link to the appropriate start time when referencing videos (e.g. [on YouTube](http://youtubetime.com/))*
 
1. *add [PDF] or [NSFW] tags to your posts, as necessary.*

1. *Please avoid reposting TILs that have already made the front page in the past*


[](#space)

Please also read the site-wide [Reddiquette](http://www.reddit.com/help/reddiquette).

---

* *You are loved.*

[](#/RES_SR_Config/NightModeCompatible)",2qqjc,todayilearned,False,21650571
8,"##### [Join our Discord Server!](https://discord.gg/tcneqz7)

##About:

A subreddit dedicated to people freaking out, melting down, losing their cool, or being weird in public. Drugged out or sober, anything goes. Keep the comments respectful where mental disorders are concerned, and remember that the individuals depicted in these videos are real people too. This subreddit is essentially dedicated to their worst moments, so do keep that in mind.

>Saturated with TV and movies, our brains have become used to watching the imitation of emotions, so much so that it is strangely surprising and fascinating to watch the real thing.

- /u/few_were_injured

[Source](https://www.reddit.com/r/PublicFreakout/comments/4ou9dl/a_man_wastes_several_days_trying_to_prove_to/d4fljyw)

##Rules:

0. Don't mess with /u/Ezziboo or Mobility Mary.

1. Never post personal information, do not ask for personal information, do not encourage or call for witch-hunts

2. Comment with tact in videos which may involve mental disorders

3. Bans: Racism, Sexism, Homophobia, Transphobia, Harassment, Race Baiting, Bigotry,  etc. (Racist/bigoted people freaking out in videos are allowed, but being a racist in the comments section will result in a ban.)

4. Abusive comments will be removed at moderator discretion and may result in a temporary or permaban

5. Video Posts only [exception: Gifs uploaded to reddit or imgur and follow-up news reports]

6. Text Posts (and images of text) may only be posted after moderator approval. Message the mods via modmail before making a post of that nature.

7. Reposts over 4 weeks old are permitted.  Reposts under 4 weeks old will be removed.

8.  ~~Submissions from videogurr.com are banned and will be removed.~~ (This rule no longer applies, but may be re-instated in the future.)

9. This isn't /r/watchpeopledie: People being straight up murdered or dying in shocking/gruesome ways should be the cut-off  (exceptions for newsworthy events covered in publications of good repute).

10. Facebook Videos are allowed, but not encouraged. If you must post a video hosted on Facebook, you need to provide a link to a copy of the video hosted on a more acceptable video hosting platform. For videos under 10 minutes [Streamable](https://streamable.com/clipper) makes it easy to make copies of videos.

[When you get banned for violating the rules, it has nothing to do with free speech but we do welcome appeals of all moderator decisions via modmail.
](https://imgs.xkcd.com/comics/free_speech.png)

##Tags:

**[Mod's Choice]** - The mark of a good find and a quality freakout

* [**Sort by Mod's Choice:Top**](https://www.reddit.com/r/PublicFreakout/search?q=flair%3A%22Mod%27s+Choice%22&restrict_sr=on&sort=top&t=all)

* [**Sort by Mod's Choice:New**](https://www.reddit.com/r/PublicFreakout/search?q=flair%3A%22Mod%27s+Choice%22&sort=new&restrict_sr=on&t=all)

Users who submit a ""Mod's Choice"" qualify for permanent custom user flair. You must request the flair for it to be implemented, it is not automatic.

**[Loose Fit]** - A semi-public freakout and passable submission. Not entirely in keeping with the general theme: spatially-situated freakouts occurring in person and in public

**[Repost]** - While they have their place, avoid making these submissions consistently

**[Follow Up]**- A news article or other report which follows up on a video that was previously posted to the subreddit. Please include a link to the original freakout if possible. 

**[Protest Freakout]** - Videos of Protests and the Freakouts that occur during the protest.

**[Compilation]** - A compilation of freakouts

**[Possibly Fake]** - Might have been staged

##Avoid:

**[Fake]** - Staged freakouts

**[Non-Public]** - Non-public freakouts

**[Non-Freakout]** - Submissions that are not freakouts

##Filters:

[Filter out submissions with 'Protest Freakout' flair/tag.
](https://www.reddit.com/r/PublicFreakout/search?q=NOT+flair%3A%22Protest+Freakout%22&restrict_sr=on&sort=new&t=all)

[Filter out submissions with 'Super Bowl Freakout' flair/tag.
](https://www.reddit.com/r/PublicFreakout/search?q=NOT+flair%3A%22Super+Bowl+Freakout%22&restrict_sr=on&sort=new&t=all)

[Filter out submissions with 'Repost' flair/tag.
](https://www.reddit.com/r/PublicFreakout/search?q=NOT+flair%3A%22Repost%22&restrict_sr=on&sort=new&t=all)


##Shout Outs:

[John Mayer](https://www.reddit.com/r/PublicFreakout/comments/b5g6yg/meta_john_mayer_shouts_out_this_sub/)

##In the News:

[Fox News reports on comments within /r/publicfreakout](http://www.foxnews.com/food-drink/2018/06/27/bart-rider-calls-cops-on-passenger-for-dining-on-burrito-in-viral-video.html?message-to-seo-guy-at-FOX-News=We-come-in-peace-from-reddit.com/r/publicfreakout-you-write-about-us-we-link-back-to-you) - [The discussion reported on](https://www.reddit.com/r/PublicFreakout/comments/8tddfe/man_on_bart_calls_for_police_to_report_another/)

[rare.us article
](https://rare.us/rare-news/caught-on-video/complete-stranger-goes-off-the-rails-after-seeing-a-couple-kiss-in-public-im-from-california-go-back-to-whatever/)

[Know Your Meme's page about Public Freakout](http://knowyourmeme.com/memes/public-freakout-videos)

[Vice Article](http://motherboard.vice.com/read/the-internet-is-losing-its-shit-over-moms-losing-their-shit-at-skate-parks) about /r/publicfreakout and /r/skateparkfreakout

[Know Your Meme](http://knowyourmeme.com/memes/public-freakout-videos) - About ""Public Freakout Videos"" that goes on to talk about the history of /r/PublicFreakout.

##Like it here? Check this out:

*/r/JusticeServed

* /r/FinalPunch

* /r/deescalation

* /r/PublicCivility

* /r/protestfreakout

* /r/PublicFreakout 

* /r/virtualfreakout

* /r/skateparkfreakout

* /r/tooktoomuch

* /r/arrests

* /r/thiscrazybitch

* /r/GetOffMyPlane

* /r/newsbloopers

* /r/AuthorityParanoia/",2yrq6,PublicFreakout,False,1416090
9,"[](#/RES_SR_Config/NightModeCompatible)

#Need help with your relationship? 

######Whether it's romance, friendship, family, co-workers, or basic human interaction: we're here to help! 

##**Community Guidelines**

###I. Posting - Do These:

##### [](#h5)

####1. Request posts must **request specific advice** for how to handle a situation. 
1. If you're thinking of posting something that would be a Moral Judgment post as written out in rule II.4, try [seeking advice for what to do next instead.](https://www.reddit.com/r/relationship_advice/comments/cjq8s8/meta_new_rule_until_at_least_2019%F0%9D%91%A8%F0%9D%92%96%F0%9D%92%8806_000000/?utm_source=reddit&utm_medium=usertext&utm_name=relationship_advice&utm_content=t5_2r0cn) 

####2. Updates can only be _posted on their own exactly once_, two days after the first post.
1. a. Rapid-fire updates (i.e. within 2 days, meaning 48 hours, of a post) _must_ instead be edited into the original request post.

2. b. Update posts must link back to the original thread. 

#### 3. Posts must include a summary title, a fleshed-out description, and a **[TL;DR](http://en.wiktionary.org/wiki/TLDR)** near the end. Posts _should_ also include:
1. **Genders** (Birth sex if relevant)

2. **Relationship Length**

3. **Ages** ([13+](https://www.reddit.com/help/useragreement#UseoftheServicebyYou), though teens can always visit [TRA](https://www.reddit.com/r/teenrelationships/)).

4. **[TL;DR](http://en.wiktionary.org/wiki/TLDR)** if your post is longer than 250ish words (about a half page).

####4. **Throwaway accounts _must_ start with `ThrowRA-`.** Examples:
1. /u/ThrowRA-mod â â€” _This account works!_

2. /u/ThrowRAmod â â€” _This account will **fail!**_

3. /u/underthesea77 â â€” _This account will **fail!**_

###II Posting - **Not These**:
##### [](#h5)
>1. **Questionless posts** such as rants (see: /r/offmychest)
>
>2. **Unsolicited Advice** (see: /r/self)
>
>3. **General discussion topics** such as requests for stories, polls, general questions, etc.
>
>4. **Moral Judgment Posts** - See rule I(1) for what to do if your question resembles these:
>  * AITA - ""Am I The Asshole?""
>  * TIFU - ""Today I ðŸ¤¬ed Up""
>  * DAE - ""Does Anyone Else?"" or ""Have You Ever?""
>
>6. **Hypotheticals,** including What-Ifs, Social Experiments, Script Treatments/Outlines/Synopses in advice-seeking form, etc. (See: /r/hypotheticalsituation)
>
>7. **Fetish deep-dives,** e.g. discussion of or overly-detailed descriptions of your fetish / sexual relations.

###III. Commenting - Do These:
##### [](#h5)
> 1. Offer helpful feedback and advice based on the commenter's question.
>
> 2. Request specific details if you believe they'll help you present helpful advice.

###IV. Commenting - **Not These**:
##### [](#h5)
>1. Name calling, insults, or insensitive language (details), regardless of who started it.
>This includes slurs such as whore, slut, faggot and racist terms.
>
>2. General harassment, trolling, and spamming.
>
>3. Suggestions for violence or suicide. 
>
>4. Blanket statements about a group (""All men are X"", ""All women do Y"") are not allowed. Please report them.

###V. Participation
##### [](#h5)
>1. Do report posts you see which break the rules. If you think the reason might not be obvious, feel free to add your reasoning as to why. 
>
>2. Do **not** report with posts you believe are bad advice for the OP. That's what downvotes are for.

###VI. Enforcement
##### [](#h5)
>1. Posting issues will generally result in a post removal unless an equivalent comment rule is also tripped. 
>
>2. Cut-and-dry comment issues will generally result **in an indefinite ban.** 



##Other helpful communities:

[](#a)[AskMenOver30](/r/askmenover30) [](#b)[AskWomenOver30](/r/askwomenover30)
[](#c)[Dead Bedrooms](/r/DeadBedrooms) [](#d)[Ex? No Contact.](/r/ExNoContact)
[](#e)[Feminism](/r/Feminism) [](#f)[Masculism](/r/masculism)
[](#g)[LGBT](/r/LGBT) [](#h)[r/ainbow](/r/ainbow)
[](#i)[Long Distance](/r/LongDistance) [](#j)[OkCupid](/r/OkCupid/)
[](#k)[Polyamory](/r/Polyamory/) [](#l)[Rape Counseling](/r/RapeCounseling)
[](#m)[Sane... or Psycho?](/r/saneorpsycho) [](#n)[Self](/r/Self)
[](#o)[Sex](/r/Sex) [](#p)[We Met Online](/r/WeMetOnline)
[](#sw)[Suicide Watch](/r/suicidewatch)

---

If you or someone you know is involved in an abusive relationship or would like information on warning signs to watch out for, check out [The Red Flag Campaign](http://www.theredflagcampaign.org/).",2r0cn,relationship_advice,False,2134339
10,"# Welcome to /r/aww!

> Things that make you go AWW! -- like puppies, bunnies, babies, and so on...

> Feel free to post pictures and videos of cute things.


---

##### Quick Links


 - [Subreddit rules](https://www.reddit.com/r/aww/wiki/index)
 - [Reddit 101](https://www.reddit.com/wiki/reddit_101)
 - [Message the moderators](https://www.reddit.com/message/compose?to=%2Fr%2Faww)

### Rules

1. No ""sad"" content, such as pics of animals that have passed away (try /r/petloss), animals that have been injured/abused, or sob stories (e.g. found him in a dumpster). [more â€º](https://www.reddit.com/r/aww/wiki/index#wiki_rule_1)

2. No comics, captioned pictures/videos (try r/lolcats, r/cute, or r/animaltextgifs), or photos of just text. [more â€º](https://www.reddit.com/r/aww/wiki/index#wiki_rule_2)

3. No post titles asking for upvotes or approval. [more â€º](https://www.reddit.com/r/aww/wiki/index#wiki_rule_3)

4. No slurs or harassing comments. [more â€º](https://www.reddit.com/r/aww/wiki/index#wiki_rule_4)

5. Posts must link to sites on our [approved list](https://www.reddit.com/r/aww/wiki/index#wiki_rule_5).

6. No NSFW/NSFL content. This includes not only inappropriate images but also inappropriate text, innuendo, or inappropriate jokes in comments. [more â€º](https://www.reddit.com/r/aww/wiki/index#wiki_rule_6)

7. No asking for donations, sponsorship or adoptions (try /r/care or /r/assistance). [more â€º](https://www.reddit.com/r/aww/wiki/index#wiki_rule_7)

8. No bots or bot-like behavior. Don't submit more than 4 posts in a day. &nbsp; [more â€º](https://www.reddit.com/r/aww/wiki/index#wiki_rule_8)

9. No false claims of content ownership. [more â€º](https://www.reddit.com/r/aww/wiki/index#wiki_rule_9)

10.  No social media links or personally identifiable information.  [more â€º](https://www.reddit.com/r/aww/wiki/index#wiki_rule_10)

 - [Click here for the FULL list of rules](https://www.reddit.com/r/aww/wiki/index)

-----

[JOIN OUR DISCORD!](https://discord.gg/E6FvsBT)

---

###[Check out our related subreddits](/r/aww/w/relatedsubreddits)

###[Check out the /r/Aww subreddit of the week](/r/aww/wiki/awwwsuboftheweek)

###### **Please [spay and neuter](https://www.petsmartcharities.org/adopt-a-pet/find-a-spayneuter-clinic) your pets!** While your newborn pets are cute, failing to do this allows your little darlings to add to the population of homeless animals. Adopt pets from your [local animal rescues/shelters](http://adopt.pschar.org/), there are plenty of animals just waiting for a home.

[](#/RES_SR_Config/NightModeCompatible)",2qh1o,aww,False,22218256
11,"[](#/RES_SR_Config/NightModeCompatible)

> [Rules & Wiki](http://www.reddit.com/r/movies/wiki/index)


---

># Filter Posts by Link Flair
>
> - [Discussion](/r/movies/search?sort=new&restrict_sr=on&q=flair%3ADiscussion)
> - [Recommendation](/r/movies/search?sort=new&restrict_sr=on&q=flair%3ARecommendation)
> - [Media](/r/movies/search?sort=new&restrict_sr=on&q=flair%3AMedia)
> - [News](/r/movies/search?sort=new&restrict_sr=on&q=flair%3ANews)
> - [Quick Question](/r/movies/search?sort=new&restrict_sr=on&q=flair%3AQuick%2BQuestion)
> - [Spoilers](/r/movies/search?sort=new&restrict_sr=on&q=flair%3ASpoilers)
> - [Article](/r/movies/search?sort=new&restrict_sr=on&q=flair%3AArticle)
> - [Fanart](/r/movies/search?sort=new&restrict_sr=on&q=flair%3AFanart)
> - [Trailers](/r/movies/search?sort=new&restrict_sr=on&q=flair%3ATrailers)
> - [Review](/r/movies/search?sort=new&restrict_sr=on&q=flair%3AReview)
> - [AMA](/r/movies/search?sort=new&restrict_sr=on&q=flair%3AAMA)
> - [Poster](/r/movies/search?sort=new&restrict_sr=on&q=flair%3APoster)
> - [Resource](/r/movies/search?sort=new&restrict_sr=on&q=flair%3AResource)
> - [Trivia](/r/movies/search?sort=new&restrict_sr=on&q=flair%3ATrivia)

---

># AMA Calendar
> Date|Person|
> :-:|:--
> Oct 14 | Shea Serrano
> TBD | [Robert Eggers](https://www.imdb.com/name/nm3211470/)

---

># Latest movie discussions
> - [**El Camino**](https://www.reddit.com/r/movies/comments/dfz6t2/official_discussion_el_camino_a_breaking_bad/)
> - [**Mister America**](https://www.reddit.com/r/movies/comments/dgpkzq/official_discussion_mister_america_spoilers/)
> - [**Gemini Man**](https://www.reddit.com/r/movies/comments/dfz8au/official_discussion_gemini_man_spoilers/)
> - [**The Addams Family**](https://www.reddit.com/r/movies/comments/dfz5z8/official_discussion_the_addams_family_2019/)
> - [**Judy**](https://www.reddit.com/r/movies/comments/dfzaes/official_discussion_judy_spoilers/)
> - [**Jexi**](https://www.reddit.com/r/movies/comments/dfz9sh/official_discussion_jexi_spoilers/)
> - [**Joker**](https://www.reddit.com/r/movies/comments/dd0ynj/official_discussion_joker_spoilers/)
> - [**Abominable**](https://www.reddit.com/r/movies/comments/d97731/official_discussion_abominable_spoilers/)
> - [**Discussion Archive**](/r/discussionarchive) 

---

> # Use spoiler tags
>
> [Click 'spoiler' after posting something to give it a spoiler tag!](https://i.redd.it/yku2nuhm1htx.png) The post will then be hidden [like this](https://i.redd.it/b83kf6g5xisx.gif).
>
> For leaked info about upcoming movies, twist endings, or anything else spoileresque, please use the following method:
`>!Twas the butler!<`



---

># Helpful subreddits
>
> - /r/TrueFilm
> - /r/Flicks
> - /r/NetflixBestOf
> - /r/marvelstudios
> - /r/DC_Cinematic
> - /r/Filmmakers
> - /r/MoviePosterPorn
> - /r/BoxOffice
> - /r/MoviesInTheMaking
> - /r/MovieDetails
> - /r/Oscars
> - [The Big List of Movie-Related Subreddits](https://www.reddit.com/r/movies/wiki/index#wiki_the_big_list_of_movie_related_subreddits.21)

---
> ##### [El Camino](https://www.reddit.com/r/movies/comments/dfz6t2/official_discussion_el_camino_a_breaking_bad/)
> ##### [Joker](https://www.reddit.com/r/movies/comments/dd0ynj/official_discussion_joker_spoilers/)
> ##### [Gemini Man](https://www.reddit.com/r/movies/comments/dfz8au/official_discussion_gemini_man_spoilers/)
> ##### [The Addams Family](https://www.reddit.com/r/movies/comments/dfz5z8/official_discussion_the_addams_family_2019/)
> ##### [Mister America](https://www.reddit.com/r/movies/comments/dgpkzq/official_discussion_mister_america_spoilers/)
> ##### [Judy](https://www.reddit.com/r/movies/comments/dfzaes/official_discussion_judy_spoilers/)
> ##### [Jexi](https://www.reddit.com/r/movies/comments/dfz9sh/official_discussion_jexi_spoilers/)
> #### [Tim Heidecker and Gregg Turkington](https://www.reddit.com/r/movies/comments/df20he/were_tim_heidecker_and_gregg_turkington_stars_of/)
> #### [Seann William Scott](https://www.reddit.com/r/movies/comments/d6indm/im_actor_seann_william_scott_and_while_you_might/)
> #### [Mark O'Brien](https://old.reddit.com/r/movies/comments/cu0tjx/i_am_actor_mark_obrien_and_my_new_movie_ready_or/)


###### [](#place announcements below)
*  New design!",2qh3s,movies,False,21641140
12,"Links to amusing, interesting, or funny gifs from the web! **.gif, .gifv, .ogg, .mp4, and .webm format submissions only, please!**

**gif links cannot contain sound**

**If there is a violation of the rules, *please* click the report button and leave a report, and also [message the moderator team](http://www.reddit.com/message/compose?to=%2Fr%2Fgifs) and report the problem.**


1. **Reposts and Crossposts:**
 * Do not post gifs that have already appeared on /r/gifs . Moderators may allow gifs that have gotten an extremely low score in the past, but *that is not guaranteed.* 
 * Do not post gifs that have gotten more than 1500 points (at the time of posting) elsewhere on reddit *in the last two weeks*. This includes videos converted to gif formats. Cross-posts after this time are allowed. 

 **[Please use Karma Decay to see if your gif has already been submitted.](http://karmadecay.com/)**  
 **Frequent violations of this rule may result in a ban.**

 Please help us enforce this rule by reporting offending submissions. Please include a link to the original reddit submission in your report or modmail if you have it.

2. **No Reaction, HIFW, Analogy, Cake Day, or Upvote gifs.** There are already subreddits more suited for this kind of content. (This rule does not apply to comments)

3. **Do not post gifs that should be videos.** Incredibly long gifs, large file size gifs, or content much better suited to video formats will be removed (e.g multiple cuts, sound, text boxes, subtitles in the gif).  **[Duration must be less than or equal to twenty (â‰¤20) seconds.](http://i.imgur.com/RXihRpT.png)**

4. **Direct image links REQUIRED**. No links to image pages or albums are allowed, your submission must be a single gif image. **Direct links that end in .gif, .gifv, .ogg, .mp4, and .webm format only.** URL-shorteners are **NOT** allowed in posts or comments!

5. **No depictions of real-life harassment or assault.** There are other subreddits dedicated to this kind of content.

6. **No witch-hunts or brigading.** Do not encourage any online or real-life harassment, and don't encourage people to downvote other posts/comments. 

7. ***No nudity, pornography, gore, or other NSFW material.***  **These are not allowed in posts or comments - No exceptions.** If it can get you fired then it should not be here. Failure to comply will result in removal of post and banning. There are other subreddits dedicated to NSFW content. **Mark risquÃ© posts and comments as NSFW.** (Please note that NSFW tags do not cover the aforementioned content.)

8. **Titles must be descriptive.** We encourage clever titles. Joking and non-literal titles are fine. However, posts with overused, overly vague, or click-bait titles may be removed, and repeated false claims of ownership may result in a ban.

9. **No hate speech of any kind.** Racist, sexist, homophobic, or otherwise abusive submissions or comments will result in an immediate ban.

10. **Please familiarize yourself with the [official rules](http://www.reddit.com/rules/) and [reddiquette](http://www.reddit.com/wiki/reddiquette).** We will remove any posts violating reddit's official rules (spam, personal information, vote manipulation, etc.) and reddiquette just makes reddit a better place to visit.

**Please Note:** Bot accounts are not allowed. Low-effort novelty accounts that do not constructively contribute content or add to discussion (e.g., trolling, counting, modifying parent comments, correcting someone's grammar, etc.) are not allowed on /r/gifs.

[For more in-depth explanations of the rules, view sticky!](https://www.reddit.com/r/gifs/comments/3dasau/rgifs_rules_please_read_before_submitting_or/)

> Snoo icon by /u/merd2k

> Banner Snoo by /u/SardineePackage

----

**Related Links:**

[How to make your own animated gifs?](http://www.reddit.com/r/gif/comments/uhy9u/gifers_of_reddt_what_is_the_easiest_way_to_edit_a/)

/r/BehindTheGifs  

/r/CombinedGifs  

/r/DisneyGifs

/r/EducationalGifs  

/r/GifExtra  

/r/GifRequests  

/r/HighQualityGifs  

/r/InterestingGifs  

/r/MakeMeAGif  

/r/Mechanical_Gifs  

/r/MichaelBayGifs  

/r/NatureGifs  

/r/PerfectLoops  

/r/PhysicsGifs  

/r/ReactionGifs  

/r/RealLifeDoodles  

/r/SpaceGifs  

/r/SuperAthleteGifs  

/r/SurrealGifs  

/r/WastedGifs  

/r/WeatherGifs

/r/WholesomeGifs",2qt55,gifs,False,19133652
13,"[Report A Post][report]

#####[](#SPACE)
#Rules 
####[](#M)
*****

####[](#M)
> #Personal information
When submitting screenshots remove profile pictures, all names, locations, usernames, and other personally identifiable information, including your own. Don't link directly to social media websites, except to share news articles. Public figures (age 18+) are an exception to this. Do not ask posters to reveal personal info of any kind. 


####[](#M)
> #Content
> Posts should cause viewers to facepalm. The following is not allowed:

> > * memes/macros  
* obvious jokes/sarcasm 
* grammar/spelling errors 
* posts based on age 
* posts about likes/shares/reposts, etc. 
* direct links to Reddit or other social media content

> Bigotry is not tolerated, though facepalming *at* it is welcome. Do not ask for personal info, harass or stalk others, troll, or engage trolls. Do **not** engage in witch hunts.

> Moderators have full discretion in making decisions they deem to be in the best interest of the subreddit. 

#####[](#Space)
#Helpful tips
####[](#M)
*****

####[](#M)
> #Use the report button!
> Moderators can quickly take care of trolls, and remove offending posts and comments. [Sending us a modmail](https://www.reddit.com/message/compose?to=%2Fr%2Ffacepalm) will get the offending content taken care of more quickly!

####[](#M)
> #Text posts 
> Text posts (also known as self posts) are **only** for discussions about the subreddit itself.

#####[](#Space)
#Resources
####[](#M)
*****
####[](#M)
> #Tutorials 
## [What to Black Out][bk]
If you missed the section on PI, follow these guidelines and your post should fit facepalm's rules.
##[Windows][paint]
Redacting is easy with MSPaint!
##[Android][ed]
Somewhat harder in android, using Photo Editor.

####[](#M)
> #Plug-ins and Apps 
##[Status Snapper][snap]
This chrome add on allows you to take snapshots of facebook statuses, anonymize them, and upload them  to imgur.
##[Social Fixer][fix]
Social Fixer supports Chrome, Firefox, Safari, and Opera. It has similar functions to Status Snapper, asides from the automatic snapshot/upload. Please note while using Social fixer, that if you use the pseudonames, your post will be removed.

####[](#M)
> #Websites
##[Gallery View][pics]
See all of the /r/facepalm submissions, formatted as a gallery.

[Related Subreddits][related]

[Other Interesting Spots][others]

[ban]:  http://www.reddit.com/message/compose?to=%2Fr%2Ffacepalm ""banned""
[report]: http://www.reddit.com/message/compose?to=%2Fr%2Ffacepalm#btn ""Report Post""
[fix]: http://socialfixer.com
[snap]: https://chrome.google.com/webstore/detail/status-snapper/ecngjgfoaccambehbkdndfkinjfgcajj
[pics]: http://reddpics.com/r/facepalm
[fl-none]: http://www.reddit.com/r/facepalm#btn ""Remove Filters""
[fl-wiki]: http://www.reddit.com/r/facepalm/wiki/filters#btn ""Select a Filter""
[related]: /u/eightnote/m/fp_related#btn ""Related subreddits""
[others]: /u/eightnote/m/fp_others#btn ""Mods' favorites""
[paint]: http://imgur.com/a/owQFE
[bk]: http://i.imgur.com/jDAp7QA
[ed]: http://imgur.com/a/7lj6X",2r5rp,facepalm,False,2987840
14,"A place to share photographs and pictures. Feel free to post your own, but please **read the rules first** (see below), and note that we are *not a catch-all* for ALL images (of screenshots, comics, etc.)

---

#Spoiler code#

Please mark spoilers like this:  
`>!text here!<`

Click/tap to >!read!<.

---
Check out http://nt.reddit.com/r/pics!

Check out /r/pics/wiki/v2/resources/takedown for help with taking down posts due to copyright or personal identifiable information reasons. 

---
#[Posting Rules](/r/pics/wiki/index)#

1. (1A) **No screenshots or pics where the only focus is a screen.**

 (1B) No pictures with added or superimposed **digital text, emojis, and ""MS Paint""-like scribbles.** Exceptions to this rule include watermarks serving to credit the original author, and blurring/boxing out of personal information. ""Photoshopped"" or otherwise manipulated images are allowed.

1. **No porn or gore.** Artistic nudity is allowed. NSFW comments must be tagged. Posting gratuitous materials may result in an immediate and permanent ban.

1. **No personal information, in posts or comments.** No direct links to any Social Media. No Missing/Found posts for people or property.  A license plate is not PI. [**Reddit Policy**](https://www.reddithelp.com/en/categories/rules-reporting/account-and-community-restrictions/posting-someones-private-or-personal) 

 **Stalking, harassment, witch hunting, or doxxing** will not be tolerated and will result in a ban.

1. **Titles must follow all [title guidelines](https://www.reddit.com/r/pics/wiki/titles).**

1. **Submissions must link directly to a specific image file or to an image hosting website with minimal ads.** *We do not allow blog hosting of images (""blogspam""), but links to albums on image hosting websites are okay. URL shorteners are prohibited. URLs in image or album descriptions are prohibited.* 

1. **No animated images.** *Please submit them to /r/gif, /r/gifs, or /r/reactiongifs instead.*

1. We enforce a standard of common decency and civility here. **Please be respectful to others.** Personal attacks, bigotry, fighting words, otherwise inappropriate behavior or content, comments that insult or demean a specific user or group of users will be removed. Regular or egregious violations will result in a ban.

1.  **No submissions featuring before-and-after depictions of personal health progress or achievement.**


1. **No false claims of ownership(fcoo) or flooding.** False claims of ownership (fcoo) and/or flooding (*more than four posts in twenty-four hours*) will result in a ban.


1. **Reposts that are currently on the front page of /r/Pics will be removed.** This applies only to posts that are *currently* on the front page of /r/pics.

1. **Only one self-promotional link per post.** Content creators are only allowed one link per post. Anything more may result in temporary or permanent bans. Accounts that exist solely to advertise or promote will be banned.

---

**Loose-ends**

* Serial reposters may be filtered or banned. 

---

If you come across any rule violations please report the submission or  [message the mods](http://www.reddit.com/message/compose?to=%23pics) and one of us will remove it!

  
If your submission appears to be filtered, but **definitely** meets the above rules, [please send us a message](/message/compose?to=%23pics) with a link to the **comments section** of your post (not a direct link to the image). **Don't delete it**  as that just makes the filter hate you! 

---


#Links#
If your post doesn't meet the above rules, consider submitting it on one of these other subreddits:

#Subreddits
Below is a table of subreddits that you might want to check out!

Screenshots | Advice Animals
-----------|--------------
/r/images | /r/adviceanimals
/r/screenshots | /r/memes
/r/desktops | /r/memesIRL
/r/amoledbackgrounds | /r/wholesomememes 
**Animals** | **More Animals**
/r/aww | /r/fawns
/r/dogs | /r/rabbits
/r/cats | /r/RealLifePokemon
/r/foxes | /r/BeforeNAfterAdoption
**GIFS** | **HQ / Curated**
/r/gifs | /r/pic
/r/catgifs | /r/earthporn
/r/reactiongifs | /r/spaceporn

##Topic subreddits

Every now and then, we choose 2 new topics, and find some subreddits about that topic to feature!

One Word | Art
-----|----------
/r/catsstandingup | /r/Art
/r/nocontextpics | /r/ImaginaryBestOf
&nbsp; | /r/IDAP",2qh0u,pics,False,23012244
15,"For everything that happens in everyday life that makes you say ""well, that sucks"" 

**Rules:**


1. **Please follow [reddiquette]( http://www.reddit.com/wiki/reddiquette).**  We will not allow behavior contrary to reddiquette


2. **Please be civil.** Rude comments or harassing comments will be removed and may result in a ban.


3. **Serious Injuries.** No serious injuries. A post should make you react with well that sucks. If the post shows someone getting seriously hurt we will remove it. THIS INCLUDES ANIMAL SUFFERING.

4. **No car or Motorbike crashes.** This is not the place for that type of content, try /r/CarCrash

5. **No compilations.** We want to keep the content here to a high quality. 

6. **No political posts.** 

7. **No low effort posts.** This also includes screenshots or links to Twitter posts and screenshots of text posts / youtube videos.

8. **Keep relevant.** All submissions must keep to the topic of this subreddit. Mod's can use their discretion to remove posts.

8. **Elaborate.** Please put some effort into your submission. If you do not include a picture / video than please elaborate more in the description.


10. **No Reposts**. Recent and frequent reposts will be removed. Please search before submitting content that is not OC.  

**GallowBoob posts are allowed.**

**/r/Wellthatsucks is about light hearted discussion. Overly serious and/or political speech will be removed.**



Everything else on this sub goes, we will leave it up to redditors to determine what is Well That Sucks worthy.

 
If you want to be put onto our similar subreddits or Our Lawyer Made Us Link to These Subreddits message a moderator. 


[**The Well**](http://www.reddit.com/user/Shadow_Of_Invisible/m/the_well)

r/WellTextSucks

/r/Wellthatsucks

/r/Wellthatsamazing

/r/Wellthatsdepressing

/r/Wellthatsodd

/r/Wellthatsokay

/r/Wellthatsboring

/r/wellthatsconfusing

/r/Wellthatsfake

/r/Wellthatscold

/r/Wellthatscheap

/r/Wellthatslucky

/r/Wellthatsstupid

**Similar Subreddits:**

 /r/RubeGoldbergFails

/r/moviestunts

/r/RuinedMyDay

/r/HadToHurt

/r/Tiresaretheenemy 

/r/instant_regret

/r/funny

/r/thatcouldvebeenworse

/r/holdmybeer

/r/holdmybeaker

/r/WastedGifs

/r/mildlyinfuriating

/r/nononono

/r/CarCrash

/r/thatwonthappen

/r/vastlystupid


**Our Lawyer Made Us Link to These Subreddits:**

/r/Justtankthings 

/r/easierthanexpected

/r/surprisinglySFW


/r/StormfrontorSJW

/r/botsrights

/r/PoesLawInAction

/r/WorldMetal

/r/MaliciousCompliance

/r/Killthecameraman

/r/Ask_Lawyers

Banner and icon created by /u/acorn222",2xcv7,Wellthatsucks,False,1748953
16,"###[Discord](https://discordapp.com/invite/videos#dis)

###Our Other Subreddits
-|-
:-:|:-:|:-:
[Political Video](/r/PoliticalVideo)|[Videos Discussion](https://www.reddit.com/r/Videos_Discussion)|

###Resources [wiki](/r/videos/wiki#wiki)
-|-|-
:-:|:-:|:-:
[Wiki](/r/videos/wiki/index)|[Points](/r/videos/wiki/index#wiki_points_flair_.26amp.3B_rewards)|[Rules](/r/videos/wiki/rules)|

#Featured Sub Â» /r/CuriousVideos

---
###About \/r/Videos [chat](https://discord.gg/videos#dis)
* A great place for video content of all kinds. Direct links to major video sites are preferred (e.g. YouTube, Vimeo, etc.)

---
###Rules [detailed rules](/r/videos/wiki/rules#rules) 

#0. Videos Only
* Self explanatory. Audio over a static image or slideshow may also violate Rule 0.

*  This includes music visualizers and lyric videos

#1. No Politics
* Political videosâ€”including content relating to [social issues which have a clear political element](https://www.reddit.com/r/videos/wiki/rules#wiki_rule_1_-_no_politics)â€”should be submitted to /r/PoliticalVideo. 

* This includes submissions of current or recent political figures in any context, satire/political-comedy, and posts on political topics from within the last **10 years**.  (So a video of Winston Churchill playing tennis would be allowed, but a video of Theresa May playing ping-pong would not be.)

#2. No Personal Information or Witch-Hunting
* **Or incitement to witch-hunt.**

* No demanding ""Reddit Justice"" (or even regular justice) in any way in post titles or comments.

* Do not post names, Facebook pages, phone numbers, addresses, etc. Fake information (false@fake.com, 123 fake street, etc) also falls under this rule.

* This may also include contact information of public officials, businesses, or groups (e.g. politicians or police officers) in an any manner that could be seen as an attempt to get users to contact them.

* Facebook links are not permitted. In order to have your post accepted, if you can, find or submit a copy of the video on another website like YouTube or Vimeo and resubmit it.

* **This is grounds for an immediate (and likely permanent) ban, so consider this your only warning.**

#3. Submit Direct Link to Video

* No web pages that only embed Youtube or Vimeo videos. 

* No URL shorteners. 

* No links to playlists or to channel pages.

#4. No Porn, Gore, or Death.

* There are many other subreddits and websites that cater for that content.

#5. No Solicitation of Votes or Views

* No asking for votes or sharing submission links on or off-site. See [Reddiquette](https://www.reddit.com/wiki/reddiquette) for more details.

* Do not ask other users to follow your social media profiles in comments or submission titles.

* Titles for posts should not try to influence users to view or upvote them. Examples of this include things like ""this person deserves more views,"" ""not enough people have seen this person's videos,"" or ""show this person some love.""

* Giveaways also fall under this rule

* Violations can lead to a permanent ban of accounts and video channels.

#6. No Hate Speech

* You are free to offer your opinion respectfully, but comments or posts intended to demean a group, acontextual expressions of bigotry, and the pejorative use of slurs is disallowed.

* **Baiting users into breaking this rule is not allowed.**

* Telling other users to hurt or kill themselves in any form is against reddit TOS, and will earn you a permanent ban.

* Be kind to users in our community; [remember the human.](https://www.reddit.com/r/blog/comments/1ytp7q/remember_the_human/)

#7. No Videos of Assault/Battery or Public Freakouts

* No videos of real-life, malicious person-on-person assault/battery or physical abuse of animals. 

* This includes raw videos of fights and malicious violence.

* This includes videos of child and animal abuse.

* This includes raw videos of fights, police brutality/harassment, and malicious violence.

* Public freakout videos belong in /r/PublicFreakout

#8. No Third Party Licensing

* No videos that are licensed by a third party. 

* If the video description says: 'for licensing enquiries contact licensing@agency.com', the video is most likely licensed by a third party. If the video has a watermark, it also may be licensed by a third party. 

* Videos that become licensed after they are posted will be removed. Please see [this thread](https://www.reddit.com/r/videos/comments/3mvfy4/important_information_regarding_3rd_party/) for a more detailed explanation.

* Third-Party Licensing firms are often scams. [Report any messages you receive of suspicious offers to the moderator team.
](https://www.reddit.com/message/compose?to=%2Fr%2Fvideos)

---
###Moderation [message the mods](https://www.reddit.com/message/compose?to=%2Fr%2Fvideos#mods)

#Removals & Warnings
* If your submission does not appear in the [new queue,](http://www.reddit.com/r/videos/new/) please [contact us](http://www.reddit.com/message/compose?to=%23videos) (be sure to **include a link to the Reddit post** (i.e. comments section), not the content you are linking). Simply deleting your post may cause the spam filter to catch future ones.

* *Note: Submissions from new users, and users with low karma, are automatically removed to help prevent spam.*

* Also, please contact us regarding spam, political or any other inappropriate videos, as this helps us remove them more quickly! When reporting, please explain why you think it should be removed. 

* **Do not** message moderators individually about posts not appearing in the new queue or ban appeals. Messages should be sent as a modmail to /r/Videos. Failure to do so may result in a ban.


#Submit Feedback

 * Send us a mod mail anytime or head to our Discord linked above.

#Spoiler Tags

 * 

 * Spoilers: `[spoiler](#s)` = [spoiler](#s)
 
---
###Related Subreddits

#/r/UnknownVideos
#/r/YouTubeHaiku
#/r/YouTube
#/r/MealtimeVideos
#/r/youtubedrama 
#/r/EducativeVideos  
#/r/storytellingvideos
#/r/dankvideos",2qh1e,videos,False,21427063
17,"###### 
#**Welcome to /r/Memes**

---

**definition of a meme / memetics**

- a way of describing cultural information being shared.
- an element of a culture or system of behavior that may be considered to be passed from one individual to another by nongenetic means, especially imitation.
- Please note, Moderators reserve the right to remove any post for ***any*** reason. 

---

#Rules:

#####1. ALL POSTS MUST BE MEMES
 * All posts must be memes and follow a general meme setup. No titles as meme captions. No unedited webcomics. **No memes that are text only.** Pictures without captions may be removed by a moderators discretion. **Someone saying something funny on twitter/tumblr/reddit/etc. is not a meme.**

#####2. ALL MEMES SHOULD BE GENERAL. NO SPECIFIC PERSONAL EXPERIENCES.
* Please make posts general rather than specific personal experiences. This helps make posts more relatable. This means no selfies, SMS screenshots, personal stories, chats, emails, etc. **Do not post ""memes"" of you or your friends IRL. No creepshots either.** 

#####3. NO SPAM/WATERMARKS, NO CHAINPOSTING/SPLIT POSTS, NO UNMARKED NSFW
* Do not spam this sub. Linking to your social media, or spamming links with it watermarked can result in a ban

* No Chainposting

* No 'split' or 'linked' posts - either between yourself or other users.

* Images of being banned or having a post removed from any subreddit will be removed and subject to ban.

* 5 or less posts per day please. 

* Mark NSFW posts as such or it risks being removed. 

* No watermarks or shilling your favourite YouTube star.

* No spam bots

* No brigading 

#####4. NO RACISM/HATE SPEECH/TROLLING/HARASSMENT OR SUBREDDIT/SITE RAIDING

* Please do not troll, harass, or be generally rude to your fellow users. Do not post raid messages or encourage others to flood or spam another subreddit or website. Keep comments civil and be respectful of your fellow users. Don't post racist or bigoted memes. Those belong elsewhere. Racist and bigoted memes, harassment, and raiding other subreddits/sites can lead to a permanent ban at the moderators discretion.

#####5. PLEASE DO NOT POST OR REQUEST PERSONAL INFORMATION
* Please do not post or request personal information, yours or others.

* All posts containing social media IDs/usernames will be removed.

* Do not post images with watermarks to other sites users.

#####6. DIRECT IMAGE LINKS ONLY + NO GIF/VIDEO POSTS
* Please link to images directly. Direct links make browsing easier for those using RES or through a mobile device.

* No videos/GIFs.


#####7. DO NOT MENTION ANYTHING TO DO WITH KARMA/CAKEDAYS/VOTES/AWARDS
* **Please** **do not mention** **upvotes/downvotes/cake days/karma/awards (gold/silver/plat) in your post in any form.**

* **No ""Upvote in..."" or ""Upvote if...""** type titles or memes.

* **No memes about votes, likes etc.**

* This includes (but is not limited to) karma-adjacent words/phrases like ""front page"" or ""sort by new"".

* Begging for karma in the comments may earn you a lengthy (perhaps infinite) ban.

#####8. NO REPOSTS
* Please avoid re-posting memes. 

* We want original content. Serial reposters may be banned.

* Seriously.


#####9. NO FORCED MEMES/OVERUSED MEMES/BAD TITLES/PUSHING AGENDAS
* No forced memes, overused memes, bad titles, or pushing agendas

* Be creative but memes must come naturally

* Memes that have been overused/played out to the point of being spammy will be removed. [**Examples**](https://www.reddit.com/r/memes/wiki/overused)

* No petitions



#####10. NO MEMES ABOUT DEATHS/TERROR ATTACKS/WAR/VIOLENT TRAGEDIES/RAPE/MASS SHOOTINGS/ETC
* No memes about violent tragedies or anything that could be seen as glorifying violence. **Absolutely no school shooter memes.** Posts or comments that can be seen as glorifying violence will result in a ban. This also includes (but is not limited to) memes regarding: Deaths, terrorist attacks, rape, sexual assault, pedo, murder, war, bombings, and school shootings. 

* Breaking this rule may result in a permanent ban. 

* We have zero tolerance for this behavior.

#####11. NO MEMES ABOUT POLITICS
* Absurd memes featuring politicians are allowed, but this sub does not allow content more suited for /r/politicalhumor.

* No NPC memes, or memes about how libtards or magats are so wrong. Take it somewhere else, thanks.

---

#Queue flooding is not allowed in this subreddit. Limit your posts to five or less per day


---

^^We ^^reserve ^^the ^^right ^^to ^^moderate ^^at ^^our ^^own ^^discretion.


Related subreddits:

* r/titsorgtfo (SFW)

* r/thatswhatshesaid

* r/upyourass

* r/PeopleWhoWorkAt

* r/TurtleFacts

* /r/WholesomeMemes 

* /r/garlicbreadmemes 

* /r/Dickbutt 

* /r/PuppySmiles",2qjpg,memes,False,6642349
18,"[](https://discord.gg/lol)



> [](https://youtu.be/ZjvDFvzfxsQ#promo) 



### Announcements

[**Patch 9.20 Bug Megathread and Patch Discussion**](https://www.reddit.com/r/leagueoflegends/comments/dfews8/patch_920_bug_megathread_and_discussion/)

[The Spam and Self-Promotion Rule is changing: Here is what you need to know](https://www.reddit.com/r/leagueoflegends/comments/cqcf1z/the_spam_and_self_promotion_rule_is_changing/)

[Rule Changes Coming Out of the Quarterly Feedback Thread](https://www.reddit.com/r/leagueoflegends/comments/ct77y2/rule_changes_coming_out_of_the_quarterly_feedback/)

###Subreddit Information

[**Read subreddit rules**](/r/leagueoflegends/w/subredditrules#rules)

[**Official Discord Server**](https://discord.gg/LoL)

[**Spoiler free Subreddit**](https://goo.gl/F8Zkt6) 

###### START AUTO-GENERATION, DO NOT TOUCH

#### Upcoming matches


###### END AUTO-GENERATION

[**Schedule for Worlds**](https://watch.lolesports.com/schedule?leagues=worlds,lcs,lec,lck,lpl)

[**LolEsports Stream Link**](https://watch.lolesports.com/live)

### Esports Wiki Pages

[**Best esports games in history**](https://www.reddit.com/r/leagueoflegends/wiki/gamestowatch)

[**Live Discussion Archive**](https://www.reddit.com/r/leagueoflegends/wiki/livediscussionarchive)

## AMAs

Organization|Date
|:--:|:--:|
**Champion Design AMA** | [**COMPLETE**](https://www.reddit.com/r/leagueoflegends/comments/di9yjx/got_questions_about_champions_ama/?st=k1s2lix0&sh=1107a911)
**League Game Engineers** | [**COMPLETE**](https://www.reddit.com/r/leagueoflegends/comments/dib488/we_are_league_game_engineers_ama/)
**League Data Rioters** | [**COMPLETE**](https://www.reddit.com/r/leagueoflegends/comments/dicknm/were_rioters_that_work_with_data_if_you_want_to/)


## Resources


[**Comment Faces**](https://www.reddit.com/r/leagueoflegends/wiki/comment-faces)

[**Related subreddits**](/r/leagueoflegends/wiki/relatedsubreddits)

[**Client not working?**](https://support.riotgames.com/hc/en-us/articles/224826367)

[**More resources**](/r/leagueoflegends/wiki/resources)






### Theme selection

>[](https://www.reddit.com/r/leagueoflegends/) [](https://dd.reddit.com/r/leagueoflegends/)

>[This subreddit is night mode compatible](#/RES_SR_Config/NightModeCompatible)",2rfxx,leagueoflegends,False,3433951
19,"**If your submission does not appear, do not delete it. Simply [message the moderators](https://www.reddit.com/message/compose?to=%2Fr%2Fgaming) and ask us to look into it.**

*Do NOT private message or use reddit chat to contact moderators about moderator actions. Only message the team via the link above. Directly messaging individual moderators may result in a temporary ban.*

#Community Rules

1. **Submissions must be directly gaming-related**, not just a ""forced"" connection via the title or a caption added to the content.  Note that we do not allow non-gaming meme templates as submissions.



1. No bandwagon or direct reply posts.

1. No piracy, even ""abandonware"".

1. Mark your spoilers and NSFW submissions, comments and links. Spoiler tags are `>!X kills Y!<`  .

1. No Giveaways / Trades / Contests / Items for sale.

1. Submit only the original source of the content. No general URL shorteners (bitly, tinyurl, etc). No screenshots of websites or Twitter.

1. [**Follow the rules of promotion.**](https://www.reddit.com/r/gaming/wiki/index#wiki_rule_7.3A_self-promotion) 
**This is not the place to spam your channel or stream.** No referral, affiliate and/or survey links.

1. No Kickstarter, crowdfunding, et al project ""reminder"" posts. 

1. Posts and comments, whether in jest or with malice, that contain racist, sexist, homophobic content, threats, or other forms of toxicity will be removed, regardless of popularity or relevance.

1. For AMA rules, [**click here**](https://www.reddit.com/r/gaming/wiki/ama).


##[For a more detailed explanation of these rules, click here.](http://www.reddit.com/r/gaming/wiki/index)


##[Click here for a list of other gaming subreddits.](http://www.reddit.com/r/gaming/wiki/faq)",2qh03,gaming,False,23903017
20,"#####[Submit an AMA](https://goo.gl/GjN173)

#####[Request an AMA](https://goo.gl/zpyx5c)



# Please check out our [Rules and FAQs](https://www.reddit.com/r/IAmA/wiki/index)



[Click here](https://goo.gl/mlrmKA) to request being added to our calendar.



#Consider supporting our [Patreon](https://goo.gl/9sGmDN)



**AMAs are scheduled in Eastern Time (GMT-4:00).**



Date|Time|Person|Description|Remind

:-:|:-:|:-:|:-:|:-:

21 Oct|9am|[Michael Drescher and Heidi Lehmann](https://en.wikipedia.org/wiki/Michael_Drescher)|Media Entrepreneur and Master Bra Designer: Vibrant Body|[Remind](http://zpr.io/tfaEQ)
21 Oct|9pm|[OceanX Team](https://en.wikipedia.org/wiki/OceanX)|Specialists in deep sea sharks|[Remind](http://zpr.io/tfT6m)
22 Oct|1pm|Sarbjit Bakhshi, William Kedjanyi, Matthew Shaddick, Paul Krishnamurty|Four political betting experts|[Remind](http://zpr.io/tfbMB)
22 Oct|1pm|[Devin Shepherd, Alexander V. Thompson, Jenna Krasowski](https://podcasts.apple.com/us/podcast/cryptids/id1479266398)|Director, writer, and actor for Cryptids, the scifi podcast|[Remind](http://zpr.io/tfjz5)
22 Oct|2pm|Christopher Kelly & Marc Eisenberg|Physicians: Columbia University Medical Center|[Remind](http://zpr.io/tRNBs)
22 Oct|5pm|Daniel Oberhaus|Author of 'Extraterrestrial Languages' (MIT Press)|[Remind](http://zpr.io/tfshM)
23 Oct|12pm|[Andrew Rea aka Oliver Babish](https://en.wikipedia.org/wiki/Binging_with_Babish)|Binging with Babish|[Remind](http://zpr.io/tGGmM)
23 Oct|1:30pm|[Stephen Bliss](https://www.imdb.com/name/nm2522499/)|Artist: GTA, Bully, LA Noire, Warriors, RedDeadRedemption|[Remind](http://zpr.io/ttmRt)
23 Oct|2pm|[Brian Firenzi](https://vghs.fandom.com/wiki/Brian_Firenzi)|Actor: Video Game High School, 5-Second Films|[Remind](http://zpr.io/tfL6R)
25 Oct|1pm|Ken Clark|Dark matter hunter|[Remind](http://zpr.io/tGPcq)
26 Oct|12pm|[Lauren Ashcraft](laurenashcraft.com)|Democratic Socialist comedian Berniecrat for NY-12|[Remind](http://zpr.io/tfarZ)
29 Oct|3pm|[Matt Saincome, Bill Conway, and Krissy Howard](https://en.wikipedia.org/wiki/The_Hard_Times)|Team Behind the Hard Times|[Remind](http://zpr.io/tRNcC)
30 Oct|1pm|[David Sten](https://podcasts.apple.com/us/podcast/money-for-the-rest-of-us/id883011006)|Host of Money For the Rest of Us, Author, Investing Expert|[Remind](http://zpr.io/tf3jK)
1 Nov|4am|[John Plant](https://en.wikipedia.org/wiki/Primitive_Technology)|Primitive Technology Youtuber and Author: John Plant|[Remind](http://zpr.io/tfyrL)




# [see more...](https://goo.gl/FNOlc4)



---



# Submitting:



## AMAs should be about:

* Something uncommon that plays a central role in your life, or

* A truly interesting and unique event.

* [Explanation and examples of this rule can be found here](https://www.reddit.com/r/IAmA/wiki/index)



## All AMAs require proof.

* Proof should be included in the text of the post when you start your AMA. If it must remain confidential, you can [message it to the moderators](https://goo.gl/wH5XJU) and we can verify you.

* [See here for tips concerning proof and examples](https://www.reddit.com/r/IAmA/wiki/index)



## Request threads

* Requests should be posted in /r/IAmARequests



# Commenting:



## Please note:

* All initial responses to posters must contain a properly punctuated question.

* **Attempting to bypass this rule by adding a ? to a non question will result in a permanent ban.**

* [See more on our comment removals policy here](https://www.reddit.com/r/IAmA/wiki/index)



# Other:



## Useful Links!

* Email us at mods@askmeanythi.ng!

* [Step-by-step guide to doing an AMA](https://goo.gl/ZZgLmS)

* [Related subreddits](https://goo.gl/YAnv9W)

* [Follow us on Twitter](https://goo.gl/zU6PQ) or [Like us on Facebook!](https://www.facebook.com/redditIAmA/)



---





>* **1 Oct**  

>* **[The Capital Gazette](https://redd.it/9kgkpz)** Newsroom Shooting Survivors

>

>

>#

>* **2 Oct**

>* **[The Salt Lake Tribune](https://redd.it/9krsmh)** Pulitzer Prize Winners

>

>

>#

>* **3 Oct** 

>* **[Pravda](https://redd.it/9l1eyq)** Russia's Leading Newspaper

>

>

>#

>* **4 Oct** 

>* **[Uganda's Daily Monitor](https://redd.it/9lc5fo)** Uganda's Leading Newspaper

>

#

>* **5 Oct** 

>* **The Boston Globe** Spotlight Investigation Team

>

>

#

>* **8 Oct** 

>* **Native News Online** Indigenous Peoples' Day

>

>

>* **9 Oct** 

>* **PBS NewsHour** National Correspondent

>

>

>* **10 Oct** 

>* **The New York Times** National Immigration Reporter

>

>

>* **11 Oct** 

>* **The Guardian** Environment Reporter

>

>

>* **12 Oct** 

>* **Fox News** Bret Baier, Chief Political Editor

>

>

>* **15 Oct**

>* **The Socialist Worker** Danny Catch, Columnist

>

>





######[Facebook](https://goo.gl/5FM2R6)[Twitter](https://goo.gl/kqOwT)[Instagram](https://www.instagram.com/redditama/)[Google Calendar](https://goo.gl/r0VuI)



#### Please check out our [Rules and FAQs](https://www.reddit.com/r/IAmA/wiki/index)



[](#/RES_SR_Config/NightModeCompatible)",2qzb6,IAmA,False,19476853
21,"> - [Get Flair](/r/sports/wiki)

> #

> - [Recreation](/user/caindaddy/m/recreation)
> - [Bicycling](/r/bicycling)
> - [Climbing](/r/climbing)
> - [Disc Golf](/r/discgolf)
> - [Fishing](/r/fishing)
> - [Golf](/r/golf)
> - [Running](/r/running)
> - [Skiing](/r/skiing)
> - [Snowboarding](/r/snowboarding)
> - [Swimming](/r/swimming)
> - [Weightlifting](/r/weightlifting)

> #

> - [World Sports](/user/caindaddy/m/worldsports)
> - [Boxing](/r/boxing)
> - [Cricket](/r/cricket)
> - [Football](/r/football)
> - [Formula 1](/r/formula1)
> - [MMA](/r/MMA)
> - [Olympics](/r/olympics)
> - [Rugby Union](/r/rugbyunion)
> - [Soccer](/r/soccer)
> - [Tennis](/r/tennis)
> - [The Ocho](/r/theocho)

> #

> - [US Sports](/user/caindaddy/m/ussports)
> - [Baseball](/r/baseball)
> - [Basketball](/r/nba)
> - [Football](/r/nfl)
> - [Hockey](/r/hockey)
> - [Nascar](/r/nascar)
> - [Soccer](/r/MLS)
> - [College Football](/r/cfb)
> - [College Basketball](/r/collegebasketball)

> #

> - [/r/sports](/r/sports)

> #

[GET FLAIR!](http://old.reddit.com/r/sports/wiki/flair)

[**Rules**](/r/sports/about/rules/)

1. **No Low-Effort/Joke Posts. No Memes**

2. **Titles Must be High-Effort and Descriptive**

3. **No Blogs, Spam, or Illegal Content**

4. **No Personal Information**

5. **No Rudeness, Flame Bait or Trolling**

[Sports Subreddits](/r/sports/wiki/related/)

[Reddiquette](/help/reddiquette)

[Self-Promotion](/wiki/selfpromotion)

[New to reddit?](/wiki/reddit_101)",2qgzy,sports,False,16178663
22,"#Submit

|||||
|:-:|:-:|:-:|:-:|:-:|:-:|:-:|:-:|:-:|:-:|:-:|:-:|:-:|:-:|:-:|:-:|:-:|
|[Posting Rules/Guidelines](/r/nba/wiki/rules)|

